{"cameraMode":{"drawMode":0,"name":"Shaded","section":"Shading Mode"},"sceneLighting":true,"audioPlay":false,"sceneViewState":{"m_AlwaysRefresh":false,"showFog":true,"showSkybox":true,"showFlares":true,"showImageEffects":true,"showParticleSystems":true,"showVisualEffectGraphs":true,"m_FxEnabled":true},"in2DMode":false,"pivot":{"x":1.874553918838501,"y":1.1635161638259888,"z":1.382224440574646},"rotation":{"x":0.09813682734966278,"y":-0.7489115595817566,"z":0.11387452483177185,"w":0.6454010009765625},"size":2.0229809284210207,"orthographic":false}